model,accuracy,precision,recall,f1
LogReg+TFIDF,0.8225,0.8282630029440629,0.82421875,0.8262359275575134
distilbert-base-uncased,0.9095,0.9072463768115943,0.9169921875,0.9120932491500728
